create table CATEGORIA
(
    IDCATEGORIA      NUMBER not null
        constraint CATEGORIA_PK
            primary key,
    DESCRIPCION      VARCHAR2(40),
    IDCATEGORIAPADRE NUMBER
        constraint CATEGORIASUBCATEGORIAFK
            references CATEGORIA
)
/

create table CLIENTE
(
    IDCLIENTE     NUMBER not null
        constraint CLIENTE_PK
            primary key,
    NOMBRE        VARCHAR2(40),
    APELLIDO      VARCHAR2(40),
    EMAIL         VARCHAR2(40),
    TELEFONO      VARCHAR2(20),
    FECHAINACTIVO DATE
)
/

create table COLOR
(
    IDCOLOR     NUMBER not null
        constraint COLOR_PK
            primary key,
    DESCRIPCION VARCHAR2(40)
)
/

create table ESTADOVENTA
(
    IDESTADO    NUMBER not null
        constraint ESTADOVENTA_PK
            primary key,
    DESCRIPCION VARCHAR2(40)
)
/

create table FACTURAVENTA
(
    NUMEROORDEN NUMBER not null
        constraint FACTURAVENTA_PK
            primary key,
    FECHA       DATE,
    IDCLIENTE   NUMBER not null
        constraint FACTURAVENTA_CLIENTE_FK
            references CLIENTE,
    IDESTADO    NUMBER not null
        constraint FACTURAVENTA_ESTADOVENTA_FK
            references ESTADOVENTA
)
/

create table PRODUCTO
(
    IDPRODUCTO            NUMBER not null
        constraint PRODUCTO_PK
            primary key,
    NOMBREPRODUCTO        VARCHAR2(40),
    DESCRIPCIÓN           VARCHAR2(40),
    CATEGORIA_IDCATEGORIA NUMBER not null
        constraint PRODUCTO_CATEGORIA_FK
            references CATEGORIA,
    COLOR_IDCOLOR         NUMBER not null
        constraint PRODUCTO_COLOR_FK
            references COLOR,
    PRECIOVENTA           FLOAT,
    PRECIOCOMPRA          FLOAT,
    CANTIDAD              NUMBER
)
/

create table DETALLEVENTA
(
    NUMEROORDEN    NUMBER not null
        constraint DETALLEVENTA_FACTURAVENTA_FK
            references FACTURAVENTA,
    IDPRODUCTO     NUMBER not null
        constraint DETALLEVENTA_PRODUCTO_FK
            references PRODUCTO,
    CANTIDAD       NUMBER,
    PRECIOUNITARIO FLOAT,
    constraint DETALLEVENTA_PK
        primary key (NUMEROORDEN, IDPRODUCTO)
)
/

create table HISTORIALPRODUCTO
(
    IDHISTORIAL NUMBER not null
        constraint HISTORIALPRODUCTO_PK
            primary key,
    FECHAACCIÓN DATE,
    TIPOACCION  VARCHAR2(40),
    IDPRODUCTO  NUMBER not null
        constraint HISTORIALPRODUCTO_PRODUCTO_FK
            references PRODUCTO
)
/

create table REGION
(
    IDREGION    NUMBER not null
        constraint REGION_PK
            primary key,
    DESCRIPCION VARCHAR2(40)
)
/

create table PROVINCIA
(
    IDPROVINCIA     NUMBER not null
        constraint PROVINCIA_PK
            primary key,
    NOMBREPROVINCIA VARCHAR2(40),
    REGION_IDREGION NUMBER not null
        constraint PROVINCIA_REGION_FK
            references REGION
)
/

create table CIUDAD
(
    IDCIUDAD     NUMBER not null
        constraint CIUDAD_PK
            primary key,
    IDPROVINCIA  NUMBER not null
        constraint CIUDAD_PROVINCIA_FK
            references PROVINCIA,
    CODIGOPOSTAL NUMBER,
    NOMBRE       VARCHAR2(20)
)
/

create table TIPODIRECCION
(
    IDTIPO      NUMBER not null
        constraint TIPODIRECCION_PK
            primary key,
    DESCRIPCION VARCHAR2(40)
)
/

create table DIRECCION
(
    IDDIRECCIÓN NUMBER not null
        constraint DIRECCION_PK
            primary key,
    DIRECCIÓN   VARCHAR2(40),
    IDCIUDAD    NUMBER not null
        constraint DIRECCION_CIUDAD_FK
            references CIUDAD,
    IDCLIENTE   NUMBER not null
        constraint DIRECCION_CLIENTE_FK
            references CLIENTE,
    IDTIPO      NUMBER not null
        constraint DIRECCION_TIPODIRECCION_FK
            references TIPODIRECCION
)
/


------------------- POBLAR BASE DE DATOS ---------------------------------


-- Insertar registros en la tabla REGION
INSERT INTO REGION (IDREGION, DESCRIPCION) VALUES (1, 'Región 1');
INSERT INTO REGION (IDREGION, DESCRIPCION) VALUES (2, 'Región 2');
INSERT INTO REGION (IDREGION, DESCRIPCION) VALUES (3, 'Región 3');
INSERT INTO REGION (IDREGION, DESCRIPCION) VALUES (4, 'Región 4');
INSERT INTO REGION (IDREGION, DESCRIPCION) VALUES (5, 'Región 5');

-- Insertar registros en la tabla PROVINCIA
INSERT INTO PROVINCIA (IDPROVINCIA, NOMBREPROVINCIA, REGION_IDREGION) VALUES (1, 'Provincia 1', 1);
INSERT INTO PROVINCIA (IDPROVINCIA, NOMBREPROVINCIA, REGION_IDREGION) VALUES (2, 'Provincia 2', 2);
INSERT INTO PROVINCIA (IDPROVINCIA, NOMBREPROVINCIA, REGION_IDREGION) VALUES (3, 'Provincia 3', 3);
INSERT INTO PROVINCIA (IDPROVINCIA, NOMBREPROVINCIA, REGION_IDREGION) VALUES (4, 'Provincia 4', 4);
INSERT INTO PROVINCIA (IDPROVINCIA, NOMBREPROVINCIA, REGION_IDREGION) VALUES (5, 'Provincia 5', 5);

-- Insertar registros en la tabla CIUDAD
INSERT INTO CIUDAD (IDCIUDAD, IDPROVINCIA, CODIGOPOSTAL, NOMBRE) VALUES (1, 1, 10001, 'Ciudad 1');
INSERT INTO CIUDAD (IDCIUDAD, IDPROVINCIA, CODIGOPOSTAL, NOMBRE) VALUES (2, 2, 20002, 'Ciudad 2');
INSERT INTO CIUDAD (IDCIUDAD, IDPROVINCIA, CODIGOPOSTAL, NOMBRE) VALUES (3, 3, 30003, 'Ciudad 3');
INSERT INTO CIUDAD (IDCIUDAD, IDPROVINCIA, CODIGOPOSTAL, NOMBRE) VALUES (4, 4, 40004, 'Ciudad 4');
INSERT INTO CIUDAD (IDCIUDAD, IDPROVINCIA, CODIGOPOSTAL, NOMBRE) VALUES (5, 5, 50005, 'Ciudad 5');

-- Insertar registros en la tabla CLIENTE
INSERT INTO CLIENTE (IDCLIENTE, NOMBRE, APELLIDO, EMAIL, TELEFONO, FECHAINACTIVO) VALUES (1, 'Cliente 1', 'Apellido 1', 'cliente1@example.com', '123456789', TO_DATE('2024-03-03', 'YYYY-MM-DD'));
INSERT INTO CLIENTE (IDCLIENTE, NOMBRE, APELLIDO, EMAIL, TELEFONO, FECHAINACTIVO) VALUES (2, 'Cliente 2', 'Apellido 2', 'cliente2@example.com', '987654321', TO_DATE('2024-03-03', 'YYYY-MM-DD'));
INSERT INTO CLIENTE (IDCLIENTE, NOMBRE, APELLIDO, EMAIL, TELEFONO, FECHAINACTIVO) VALUES (3, 'Cliente 3', 'Apellido 3', 'cliente3@example.com', '555555555', TO_DATE('2024-03-03', 'YYYY-MM-DD'));
INSERT INTO CLIENTE (IDCLIENTE, NOMBRE, APELLIDO, EMAIL, TELEFONO, FECHAINACTIVO) VALUES (4, 'Cliente 4', 'Apellido 4', 'cliente4@example.com', '444444444', TO_DATE('2024-03-03', 'YYYY-MM-DD'));
INSERT INTO CLIENTE (IDCLIENTE, NOMBRE, APELLIDO, EMAIL, TELEFONO, FECHAINACTIVO) VALUES (5, 'Cliente 5', 'Apellido 5', 'cliente5@example.com', '333333333', TO_DATE('2024-03-03', 'YYYY-MM-DD'));

-- Insertar registros en la tabla TIPODIRECCION
INSERT INTO TIPODIRECCION (IDTIPO, DESCRIPCION) VALUES (1, 'Tipo 1');
INSERT INTO TIPODIRECCION (IDTIPO, DESCRIPCION) VALUES (2, 'Tipo 2');
INSERT INTO TIPODIRECCION (IDTIPO, DESCRIPCION) VALUES (3, 'Tipo 3');
INSERT INTO TIPODIRECCION (IDTIPO, DESCRIPCION) VALUES (4, 'Tipo 4');
INSERT INTO TIPODIRECCION (IDTIPO, DESCRIPCION) VALUES (5, 'Tipo 5');

-- Insertar registros en la tabla DIRECCION
INSERT INTO DIRECCION (IDDIRECCIÓN, DIRECCIÓN, IDCIUDAD, IDCLIENTE, IDTIPO) VALUES (1, 'Dirección 1', 1, 1, 1);
INSERT INTO DIRECCION (IDDIRECCIÓN, DIRECCIÓN, IDCIUDAD, IDCLIENTE, IDTIPO) VALUES (2, 'Dirección 2', 2, 2, 2);
INSERT INTO DIRECCION (IDDIRECCIÓN, DIRECCIÓN, IDCIUDAD, IDCLIENTE, IDTIPO) VALUES (3, 'Dirección 3', 3, 3, 3);
INSERT INTO DIRECCION (IDDIRECCIÓN, DIRECCIÓN, IDCIUDAD, IDCLIENTE, IDTIPO) VALUES (4, 'Dirección 4', 4, 4, 4);
INSERT INTO DIRECCION (IDDIRECCIÓN, DIRECCIÓN, IDCIUDAD, IDCLIENTE, IDTIPO) VALUES (5, 'Dirección 5', 5, 5, 5);

-- Insertar registros en la tabla COLOR
INSERT INTO COLOR (IDCOLOR, DESCRIPCION) VALUES (1, 'Amarillo');
INSERT INTO COLOR (IDCOLOR, DESCRIPCION) VALUES (2, 'Rojo');
INSERT INTO COLOR (IDCOLOR, DESCRIPCION) VALUES (3, 'Azul');
INSERT INTO COLOR (IDCOLOR, DESCRIPCION) VALUES (4, 'Verde');
INSERT INTO COLOR (IDCOLOR, DESCRIPCION) VALUES (5, 'Negro');

-- Insertar registros en la tabla ESTADOVENTA
INSERT INTO ESTADOVENTA (IDESTADO, DESCRIPCION) VALUES (1, 'Confirmada');
INSERT INTO ESTADOVENTA (IDESTADO, DESCRIPCION) VALUES (2, 'En Proceso');
INSERT INTO ESTADOVENTA (IDESTADO, DESCRIPCION) VALUES (3, 'Anulada');

-- Insertar registros en la tabla CATEGORIA
INSERT INTO CATEGORIA (IDCATEGORIA, DESCRIPCION, IDCATEGORIAPADRE) VALUES (1, 'Categoría 1', null);
INSERT INTO CATEGORIA (IDCATEGORIA, DESCRIPCION, IDCATEGORIAPADRE) VALUES (2, 'Categoría 2', 1);
INSERT INTO CATEGORIA (IDCATEGORIA, DESCRIPCION, IDCATEGORIAPADRE) VALUES (3, 'Categoría 3', 2);
INSERT INTO CATEGORIA (IDCATEGORIA, DESCRIPCION, IDCATEGORIAPADRE) VALUES (4, 'Categoría 4', 1);
INSERT INTO CATEGORIA (IDCATEGORIA, DESCRIPCION, IDCATEGORIAPADRE) VALUES (5, 'Categoría 5', 4);

-- Insertar registros en la tabla PRODUCTO
INSERT INTO PRODUCTO (IDPRODUCTO, NOMBREPRODUCTO, DESCRIPCIÓN, CATEGORIA_IDCATEGORIA, COLOR_IDCOLOR, PRECIOVENTA, PRECIOCOMPRA, CANTIDAD) VALUES (1, 'Producto 1', 'Descripción 1', 1, 1, 100.00, 50.00, 10);
INSERT INTO PRODUCTO (IDPRODUCTO, NOMBREPRODUCTO, DESCRIPCIÓN, CATEGORIA_IDCATEGORIA, COLOR_IDCOLOR, PRECIOVENTA, PRECIOCOMPRA, CANTIDAD) VALUES (2, 'Producto 2', 'Descripción 2', 2, 2, 200.00, 100.00, 20);
INSERT INTO PRODUCTO (IDPRODUCTO, NOMBREPRODUCTO, DESCRIPCIÓN, CATEGORIA_IDCATEGORIA, COLOR_IDCOLOR, PRECIOVENTA, PRECIOCOMPRA, CANTIDAD) VALUES (3, 'Producto 3', 'Descripción 3', 3, 3, 300.00, 150.00, 30);
INSERT INTO PRODUCTO (IDPRODUCTO, NOMBREPRODUCTO, DESCRIPCIÓN, CATEGORIA_IDCATEGORIA, COLOR_IDCOLOR, PRECIOVENTA, PRECIOCOMPRA, CANTIDAD) VALUES (4, 'Producto 4', 'Descripción 4', 4, 4, 400.00, 200.00, 40);
INSERT INTO PRODUCTO (IDPRODUCTO, NOMBREPRODUCTO, DESCRIPCIÓN, CATEGORIA_IDCATEGORIA, COLOR_IDCOLOR, PRECIOVENTA, PRECIOCOMPRA, CANTIDAD) VALUES (5, 'Producto 5', 'Descripción 5', 5, 5, 500.00, 250.00, 50);

-- Insertar registros en la tabla FACTURAVENTA
INSERT INTO FACTURAVENTA (NUMEROORDEN, FECHA, IDCLIENTE, IDESTADO) VALUES (1, TO_DATE('2024-03-03', 'YYYY-MM-DD'), 1, 1);
INSERT INTO FACTURAVENTA (NUMEROORDEN, FECHA, IDCLIENTE, IDESTADO) VALUES (2, TO_DATE('2024-03-03', 'YYYY-MM-DD'), 2, 2);
INSERT INTO FACTURAVENTA (NUMEROORDEN, FECHA, IDCLIENTE, IDESTADO) VALUES (3, TO_DATE('2024-03-03', 'YYYY-MM-DD'), 3, 3);
INSERT INTO FACTURAVENTA (NUMEROORDEN, FECHA, IDCLIENTE, IDESTADO) VALUES (4, TO_DATE('2024-03-03', 'YYYY-MM-DD'), 4, 1);
INSERT INTO FACTURAVENTA (NUMEROORDEN, FECHA, IDCLIENTE, IDESTADO) VALUES (5, TO_DATE('2024-03-03', 'YYYY-MM-DD'), 5, 2);

-- Insertar registros en la tabla DETALLEVENTA
INSERT INTO DETALLEVENTA (NUMEROORDEN, IDPRODUCTO, CANTIDAD, PRECIOUNITARIO) VALUES (1, 1, 2, 200.00);
INSERT INTO DETALLEVENTA (NUMEROORDEN, IDPRODUCTO, CANTIDAD, PRECIOUNITARIO) VALUES (1, 2, 1, 150.00);
INSERT INTO DETALLEVENTA (NUMEROORDEN, IDPRODUCTO, CANTIDAD, PRECIOUNITARIO) VALUES (2, 3, 3, 100.00);
INSERT INTO DETALLEVENTA (NUMEROORDEN, IDPRODUCTO, CANTIDAD, PRECIOUNITARIO) VALUES (3, 4, 1, 400.00);
INSERT INTO DETALLEVENTA (NUMEROORDEN, IDPRODUCTO, CANTIDAD, PRECIOUNITARIO) VALUES (4, 5, 2, 250.00);

-- Insertar registros en la tabla HISTORIALPRODUCTO
INSERT INTO HISTORIALPRODUCTO (IDHISTORIAL, FECHAACCIÓN, TIPOACCION, IDPRODUCTO) VALUES (1, TO_DATE('2024-03-03', 'YYYY-MM-DD'), 'Venta', 1);
INSERT INTO HISTORIALPRODUCTO (IDHISTORIAL, FECHAACCIÓN, TIPOACCION, IDPRODUCTO) VALUES (2, TO_DATE('2024-03-03', 'YYYY-MM-DD'), 'Venta', 2);
INSERT INTO HISTORIALPRODUCTO (IDHISTORIAL, FECHAACCIÓN, TIPOACCION, IDPRODUCTO) VALUES (3, TO_DATE('2024-03-03', 'YYYY-MM-DD'), 'Venta', 3);
INSERT INTO HISTORIALPRODUCTO (IDHISTORIAL, FECHAACCIÓN, TIPOACCION, IDPRODUCTO) VALUES (4, TO_DATE('2024-03-03', 'YYYY-MM-DD'), 'Venta', 4);
INSERT INTO HISTORIALPRODUCTO (IDHISTORIAL, FECHAACCIÓN, TIPOACCION, IDPRODUCTO) VALUES (5, TO_DATE('2024-03-03', 'YYYY-MM-DD'), 'Venta', 5);